APPLICATION_ID,TABLE_ID,TABLE_NAME,USER_TABLE_NAME,LAST_UPDATE_DATE,LAST_UPDATED_BY,CREATION_DATE,CREATED_BY,LAST_UPDATE_LOGIN,AUTO_SIZE,TABLE_TYPE,INITIAL_EXTENT,NEXT_EXTENT,MIN_EXTENTS,MAX_EXTENTS,PCT_INCREASE,INI_TRANS,MAX_TRANS,PCT_FREE,PCT_USED,DESCRIPTION,HOSTED_SUPPORT_STYLE,IREP_COMMENTS,IREP_ANNOTATIONS
746296,231913,APPLSYS_FND_APPLICATION,"Green, Oliver and Hernandez",2024-07-22 01:25:40.959106,120428,2020-05-07 04:38:52.223735,215947,591989,N,L,528268,525705,895554,804850,207121,397994,220794,559137,147619,Applications,Style1,Mind oil subject risk approach must or. Forget appear street without. Size note admit right.,Federal person learn nor certainly brother accept. Form special another itself maybe when foreign technology. Edge magazine yard likely.
23165,135642,APPLSYS_FND_APPLICATION_TL,"Chan, Blackburn and Morales",2022-01-20 23:25:03.570417,928821,2023-09-25 13:49:17.368113,799778,32078,Y,T,662956,769604,691036,876299,642809,706438,872437,632143,310844,Application Translations,Style2,While member four appear face save. These five suddenly arm.,News example learn race remember growth know. Catch anyone guess hear whom college animal.
842805,871495,APPLSYS_FND_ATTACHED_DOCUMENTS,Matthews Group,2020-03-11 03:32:42.498891,110056,2023-08-18 19:12:07.165088,113356,458964,Y,T,528227,325850,376927,936255,15311,271295,239683,458603,234089,Attached Documents,Style1,For oil any woman space weight. Base their walk front.,Than carry oil song white under military western. Game government west relate. Along art box team leg.
57263,67007,APPLSYS_FND_COLUMNS,Duran LLC,2020-06-05 12:40:43.724060,116753,2022-02-03 02:41:02.398036,581567,573232,Y,L,24635,437210,724884,316662,619182,957836,191109,204649,573824,Table Columns,Style2,Investment matter education long.,Man policy claim cultural gas. Leg various often somebody full left. Technology produce much.
776546,773352,APPLSYS_FND_CURRENCIES,Villegas-Phillips,2020-02-13 21:17:22.321706,691904,2022-01-08 19:31:29.517519,166096,49323,N,L,617183,234563,457649,106257,251235,489400,110740,46545,437223,Currencies,Style1,And make model contain million health. Record rule hot throughout school chance matter. Task strong foreign among pretty.,Particularly number billion new book send fight. How likely now ball yourself really federal east. Water she weight us here piece.
625600,851539,APPLSYS_FND_CURRENCIES_TL,Mccoy and Sons,2021-01-11 17:54:57.900499,381505,2021-02-03 10:42:02.767246,882933,81641,N,T,964205,803406,100411,529736,485121,680790,601787,583285,697318,Currency Translations,Style3,Book security of common. Car again about politics approach party just be.,That although address center blood husband. Benefit policy show store charge.
71928,227859,APPLSYS_FND_DESCRIPTIVE_FLEXS,Boyd Ltd,2022-01-23 17:31:57.622008,71616,2021-04-27 14:25:18.447044,19560,163320,N,L,389954,171224,884571,252312,238595,371487,485760,239383,851475,Descriptive Flexfields,Style2,Girl work west east mind. See us floor fact form nature.,Game specific test personal box. Share service consumer appear rule the including cultural. Quite increase morning college kind itself.
540915,467684,APPLSYS_FND_DESCRIPTIVE_FLEXS_TL,Smith PLC,2021-02-28 23:58:53.725495,674932,2020-01-13 21:44:34.504067,153420,434758,N,T,396001,534826,19401,948761,968444,815992,799679,253731,537214,Descriptive Flexfield Translations,Style1,Central marriage type by others value here.,Father list explain four. City push type world close. Respond picture across west PM either she.
859890,923049,APPLSYS_FND_DOCUMENTS,Walsh-Fleming,2022-07-21 16:31:01.122073,847478,2021-03-13 06:51:43.700334,271947,555251,Y,V,671643,602683,539248,566959,792572,767144,854577,758833,485478,Documents,Style1,Ground course herself arm same firm president. Institution record professional today pressure. Notice region region itself ok draw. Many tree room push operation loss.,Physical agent debate everything lead couple. Still positive hit protect bar experience. Direction account rich cover.
243164,379957,APPLSYS_FND_DOCUMENTS_LONG_TEXT,"Contreras, Jenkins and Bryant",2023-07-27 03:37:43.611416,396517,2023-09-07 16:30:54.844975,337378,244512,N,V,387909,983438,938134,389668,681128,830919,84400,146919,267220,Documents Long Text,Style2,Dark west send kind think. Hundred bag exist southern material why.,Street whatever actually of rather now great. Memory there already kid action.
219245,336428,APPLSYS_FND_DOCUMENTS_SHORT_TEXT,"Martin, Steele and Shaffer",2020-12-09 02:14:03.131460,27598,2020-04-20 02:02:48.920765,234045,641741,Y,V,752327,486135,397599,725790,752657,492253,644952,87001,912392,Documents Short Text,Style2,Pm but land. Beautiful program collection simply. Answer pay along read very least bill.,Head discover then actually store indicate very. Skin month he this would you.
771756,60374,APPLSYS_FND_DOCUMENTS_TL,Jones-Martinez,2022-01-12 12:28:23.451440,553937,2024-02-27 13:39:19.011000,939412,219393,N,L,55232,697275,135394,319530,355849,806936,52757,971873,153435,Document Translations,Style3,Growth seat writer look leader evening best class. Rate food under issue contain happen idea.,Add degree must hear thought rate. Art act smile sing radio. Foot them peace eat even fact then million.
109869,206958,APPLSYS_FND_DOCUMENT_CATEGORIES,Stevens Group,2023-04-30 03:50:53.233196,497471,2020-12-16 15:17:55.234005,346605,21976,Y,L,84723,862170,751754,870765,671527,183113,215214,636745,651734,Document Categories,Style3,Analysis lawyer discover although stuff. Your support former his budget environment stock easy.,To behind human would first per. Improve before notice instead affect nice pick science. Those call if. Now pull city difficult.
692651,651105,APPLSYS_FND_DOCUMENT_CATEGORIES_TL,"Patel, Morse and Doyle",2020-12-11 21:36:06.387459,244558,2020-08-29 07:54:19.570679,582743,490998,N,T,508619,90976,858567,374194,806156,945830,782452,585178,97393,Document Category Translations,Style1,Yet material after main fast. Table spring loss instead trip media exist company.,Sometimes voice dream tax cause grow. The food look enter up. Medical set as PM tend enjoy. Product minute better whose administration enough.
631829,520253,APPLSYS_FND_DOCUMENT_DATATYPES,"Snyder, Davis and Harris",2023-12-29 03:21:36.665611,457448,2023-06-07 19:39:06.153672,68731,433986,Y,L,798145,685270,110621,93347,817177,992126,721899,715001,504713,Document Datatypes,Style3,From effect beautiful indicate. Leave along thing country light executive.,Record public teacher firm treatment probably station. During nothing though fact together chance candidate.
900624,235229,APPLSYS_FND_FLEX_VALUES,"Woods, Moreno and Thomas",2020-09-30 14:32:36.887913,137234,2024-04-07 07:00:20.339917,563010,643183,N,V,353015,57990,696028,359104,785172,350362,870006,445274,207226,Flex Values,Style2,Behavior quite there work identify we exist issue. Usually reason like. Take computer this brother outside want.,Require available guy decade than reveal nature. Job together table suggest. Particular campaign else chair.
93625,104751,APPLSYS_FND_FLEX_VALUE_SETS,Sullivan-Schaefer,2022-02-04 15:24:28.445206,530519,2024-05-05 06:12:26.963421,697504,392744,Y,V,234148,773848,905865,511647,105692,260362,805408,792257,861704,Flex Value Sets,Style2,Arrive news significant skill machine all sit food.,Glass environmental they those star build. Cover how western line bank relate page heart. Truth effect even number fly keep claim statement.
841337,343253,APPLSYS_FND_ID_FLEX_STRUCTURES,"Johnson, Rollins and Berry",2020-06-28 01:44:58.406683,351458,2022-07-13 15:57:56.491418,741211,417048,Y,L,189743,223093,40370,877404,944595,84927,920934,919254,257571,ID Flex Structures,Style2,Order by just many. Concern as during piece best. Own dog class charge ten always law.,Spring friend fund ready serve no western occur. Billion play let can area care.
226732,241930,APPLSYS_FND_ID_FLEX_STRUCTURES_TL,Cameron-Chung,2024-06-06 03:13:48.322590,84071,2020-07-25 07:04:14.930472,894397,526636,Y,L,411866,419641,958178,972191,959745,751814,308800,569666,675178,ID Flex Structure Translations,Style3,This act local structure must. Late movie fact no charge. Table later recent red four.,Statement degree follow garden might seven teacher. Bit your career successful increase tree. Partner real will season worry.
779985,445167,APPLSYS_FND_LANGUAGES,"Hampton, Peterson and Ingram",2023-07-21 11:04:02.939464,726015,2020-05-07 06:51:00.882866,648156,181458,Y,T,680613,105022,589629,700717,467631,88770,255750,88430,184277,Languages,Style1,Student still young indeed scene nature. Part attention game day church. Can relate provide mention democratic us.,Chair set use describe ago. Reason out family control increase product.
